run,filename,size_bytes,sha256,host_split,per_app_pcap,stored_at
tubi_10Mbps_50ms_pfifo_trial10,capture.pcap,68451900,991d8903d58af575201148fa007be91e913c63fd38569cf08e0c08be8bf4c5d1,nc-aka2.tubi.video=61.2MB; md0.tubitv.com=1.7MB; canvas-lb.tubitv.com=1.0MB; r5---sn-jxopj-n5oe.gvt1.com=0.5MB; mcdn.tubitv.com=0.5MB; tubitv.com=0.2MB,"tubi_10Mbps_50ms_pfifo_trial10.tubi.pcap: 57245 pkts, 64.9 MB, 18 attributed IP(s), sha 2d37d28818239ce1",VM:/home/student/sthanav-agentic-thin-waist/experiments/pramana/results/pramana_runs/tubi_10mbps_50ms_0pct_pfifo_cubic_solo_t10_cbff2c5aa3/capture.pcap | archive:/home/student/pramana-data/pcaps
tubi_3Mbps_50ms_pfifo_trial10,capture.pcap,68884148,bb1f497702ace727adbf62f4f4fd81d78bda6136b173cf817d73f713cdb0df57,nc-fa2.tubi.video=61.6MB; md0.tubitv.com=1.7MB; canvas-lb.tubitv.com=1.0MB; r5---sn-jxopj-n5oe.gvt1.com=0.5MB; mcdn.tubitv.com=0.5MB; tubitv.com=0.2MB,"tubi_3Mbps_50ms_pfifo_trial10.tubi.pcap: 52874 pkts, 65.4 MB, 17 attributed IP(s), sha 1e1878a01a2fba53",VM:/home/student/sthanav-agentic-thin-waist/experiments/pramana/results/pramana_runs/tubi_3mbps_50ms_0pct_pfifo_cubic_solo_t10_696e04c624/capture.pcap | archive:/home/student/pramana-data/pcaps
tubi_6Mbps_50ms_pfifo_trial10,capture.pcap,68395940,d0292538fbbe5cf54a5e43cdeb076de794c43e47e08b48dd6a649d757e4ce2ce,nc-fa2.tubi.video=61.1MB; md0.tubitv.com=1.7MB; canvas-lb.tubitv.com=1.0MB; r5---sn-jxopj-n5oe.gvt1.com=0.5MB; mcdn.tubitv.com=0.5MB; tubitv.com=0.2MB,"tubi_6Mbps_50ms_pfifo_trial10.tubi.pcap: 56637 pkts, 64.8 MB, 16 attributed IP(s), sha db96ec417e6cbe18",VM:/home/student/sthanav-agentic-thin-waist/experiments/pramana/results/pramana_runs/tubi_6mbps_50ms_0pct_pfifo_cubic_solo_t10_77378d0648/capture.pcap | archive:/home/student/pramana-data/pcaps
twitch_10Mbps_50ms_pfifo_trial10,capture.pcap,71561276,7d479a7e39902ebc22e54b4578daad2051675097c0e5c9b69246ac698a5a7afd,21e6b81577ac.j.cloudfront.hls.ttvnw.net=59.3MB; www.twitch.tv=6.6MB; usw21.playlist.ttvnw.net=1.5MB; r5---sn-jxopj-n5oe.gvt1.com=0.5MB; k.twitchcdn.net=0.5MB; dns.google=0.2MB,"twitch_10Mbps_50ms_pfifo_trial10.twitch.pcap: 58317 pkts, 68.2 MB, 13 attributed IP(s), sha 25c24422dc8dc44e",VM:/home/student/sthanav-agentic-thin-waist/experiments/pramana/results/pramana_runs/twitch_10mbps_50ms_0pct_pfifo_cubic_solo_t10_844e9ef23f/capture.pcap | archive:/home/student/pramana-data/pcaps
twitch_3Mbps_50ms_pfifo_trial10,capture.pcap,65603140,c1f51a6b48e49791222537bc93e4cf37e5d927ace4679e92dda6b1c0feda56f5,21e6b81577ac.j.cloudfront.hls.ttvnw.net=53.2MB; www.twitch.tv=6.7MB; usw22.playlist.ttvnw.net=1.7MB; k.twitchcdn.net=0.5MB; r5---sn-jxopj-n5oe.gvt1.com=0.5MB; dns.google=0.2MB,"twitch_3Mbps_50ms_pfifo_trial10.twitch.pcap: 50822 pkts, 62.5 MB, 15 attributed IP(s), sha 8116f16737a97b9a",VM:/home/student/sthanav-agentic-thin-waist/experiments/pramana/results/pramana_runs/twitch_3mbps_50ms_0pct_pfifo_cubic_solo_t10_b63cddf727/capture.pcap | archive:/home/student/pramana-data/pcaps
twitch_6Mbps_50ms_pfifo_trial10,capture.pcap,73715816,3ca1efef723c8e98567916c764e83174f96958d490e52d8625f08312050b0891,21e6b81577ac.j.cloudfront.hls.ttvnw.net=61.3MB; www.twitch.tv=6.6MB; usw23.playlist.ttvnw.net=1.5MB; r5---sn-jxopj-n5oe.gvt1.com=0.5MB; k.twitchcdn.net=0.5MB; www.gstatic.com=0.2MB,"twitch_6Mbps_50ms_pfifo_trial10.twitch.pcap: 61082 pkts, 70.2 MB, 15 attributed IP(s), sha e9f15b53e063c2e0",VM:/home/student/sthanav-agentic-thin-waist/experiments/pramana/results/pramana_runs/twitch_6mbps_50ms_0pct_pfifo_cubic_solo_t10_903e5dd618/capture.pcap | archive:/home/student/pramana-data/pcaps
vimeo_0.5Mbps_50ms_pfifo_trial10,capture.pcap,13341196,f84e6e136b4a5f4b06e7c4d1446795028ef25153e2907b19d34f65153eb25947,vod-adaptive-ak.vimeocdn.com=10.2MB; i.vimeocdn.com=0.9MB; r5---sn-jxopj-n5oe.gvt1.com=0.5MB; player.vimeo.com=0.3MB; dns.google=0.2MB; www.gstatic.com=0.2MB,"vimeo_0.5Mbps_50ms_pfifo_trial10.vimeo.pcap: 11798 pkts, 11.5 MB, 6 attributed IP(s), sha 254593e106cf22a7",VM:/home/student/sthanav-agentic-thin-waist/experiments/pramana/results/pramana_runs/vimeo_0.5mbps_50ms_0pct_pfifo_cubic_solo_t10_b1076effe5/capture.pcap | archive:/home/student/pramana-data/pcaps
vimeo_1.5Mbps_50ms_pfifo_trial10,capture.pcap,13880636,58cb5827e333feebab8e8e433a3e34138f2899ea8415827d7ccb3a6eab968da3,vod-adaptive-ak.vimeocdn.com=11.1MB; i.vimeocdn.com=0.9MB; r5---sn-jxopj-n5oe.gvt1.com=0.5MB; player.vimeo.com=0.3MB; www.gstatic.com=0.2MB; dns.google=0.1MB,"vimeo_1.5Mbps_50ms_pfifo_trial10.vimeo.pcap: 10012 pkts, 12.4 MB, 7 attributed IP(s), sha c95378738218a609",VM:/home/student/sthanav-agentic-thin-waist/experiments/pramana/results/pramana_runs/vimeo_1.5mbps_50ms_0pct_pfifo_cubic_solo_t10_e89ebc8193/capture.pcap | archive:/home/student/pramana-data/pcaps
vimeo_10Mbps_50ms_pfifo_trial10,capture.pcap,83252272,ff5f55c78df20027be0aa7b061607a9286a41c402935844a3311229851bd5298,vod-adaptive-ak.vimeocdn.com=78.6MB; i.vimeocdn.com=0.9MB; r5---sn-jxopj-n5oe.gvt1.com=0.5MB; player.vimeo.com=0.3MB; www.gstatic.com=0.2MB; arclight.vimeo.com=0.1MB,"vimeo_10Mbps_50ms_pfifo_trial10.vimeo.pcap: 67225 pkts, 79.9 MB, 7 attributed IP(s), sha 3dafb9e5f0fd2603",VM:/home/student/sthanav-agentic-thin-waist/experiments/pramana/results/pramana_runs/vimeo_10mbps_50ms_0pct_pfifo_cubic_solo_t10_97e8f06fc3/capture.pcap | archive:/home/student/pramana-data/pcaps
vimeo_1Mbps_50ms_pfifo_trial10,capture.pcap,15411120,af4b2ee5100741266b57cf1869110f8b65270a5f64be5addffa6763ad84fa3f8,vod-adaptive-ak.vimeocdn.com=12.4MB; f.vimeocdn.com=0.9MB; r5---sn-jxopj-n5oe.gvt1.com=0.5MB; player.vimeo.com=0.3MB; www.gstatic.com=0.2MB; dns.google=0.2MB,"vimeo_1Mbps_50ms_pfifo_trial10.vimeo.pcap: 12626 pkts, 13.7 MB, 7 attributed IP(s), sha 010f5f704484a3ec",VM:/home/student/sthanav-agentic-thin-waist/experiments/pramana/results/pramana_runs/vimeo_1mbps_50ms_0pct_pfifo_cubic_solo_t10_664dd03a30/capture.pcap | archive:/home/student/pramana-data/pcaps
vimeo_3Mbps_50ms_pfifo_trial10,capture.pcap,33793384,cf1b70bde780a0e56aef2bea9663d9974b4294146e500e60cc539f740c3eebcb,vod-adaptive-ak.vimeocdn.com=30.5MB; i.vimeocdn.com=0.9MB; r5---sn-jxopj-n5oe.gvt1.com=0.5MB; player.vimeo.com=0.3MB; www.gstatic.com=0.2MB; dns.google=0.1MB,"vimeo_3Mbps_50ms_pfifo_trial10.vimeo.pcap: 25652 pkts, 31.8 MB, 7 attributed IP(s), sha dbcd511e2b901257",VM:/home/student/sthanav-agentic-thin-waist/experiments/pramana/results/pramana_runs/vimeo_3mbps_50ms_0pct_pfifo_cubic_solo_t10_a87887dc74/capture.pcap | archive:/home/student/pramana-data/pcaps
vimeo_6Mbps_50ms_pfifo_trial10,capture.pcap,65777672,e05932cff37b7902e036fd3181c5f0c6c05990aa18d61a38098c1a01db0a5c12,vod-adaptive-ak.vimeocdn.com=61.6MB; i.vimeocdn.com=0.9MB; r5---sn-jxopj-n5oe.gvt1.com=0.5MB; player.vimeo.com=0.3MB; www.gstatic.com=0.2MB; dns.google=0.1MB,"vimeo_6Mbps_50ms_pfifo_trial10.vimeo.pcap: 53544 pkts, 62.8 MB, 7 attributed IP(s), sha 9842107aae6a1d55",VM:/home/student/sthanav-agentic-thin-waist/experiments/pramana/results/pramana_runs/vimeo_6mbps_50ms_0pct_pfifo_cubic_solo_t10_be3bef07b0/capture.pcap | archive:/home/student/pramana-data/pcaps
youtube_0.5Mbps_50ms_pfifo_trial10,capture.pcap,11173720,59432f95476920de9f6038206414958babaabdcc98fdbf9467130f09d7ee6ec5,rr2---sn-jxopj-n5oe.googlevideo.com=5.9MB; www.youtube.com=3.1MB; r5---sn-jxopj-n5oe.gvt1.com=0.5MB; www.gstatic.com=0.2MB; dns.google=0.2MB; www.google.com=0.1MB,"youtube_0.5Mbps_50ms_pfifo_trial10.youtube.pcap: 11961 pkts, 9.7 MB, 12 attributed IP(s), sha d2288086b4fa6b2d",VM:/home/student/sthanav-agentic-thin-waist/experiments/pramana/results/pramana_runs/youtube_0.5mbps_50ms_0pct_pfifo_cubic_solo_t10_ffa31f8ab4/capture.pcap | archive:/home/student/pramana-data/pcaps
youtube_1.5Mbps_50ms_pfifo_trial10,capture.pcap,22503504,af16162909d1a1dc6e816a780092b3e37f02484d450f3f4a9299bbd82904f650,rr2---sn-jxopj-n5oe.googlevideo.com=14.4MB; www.youtube.com=4.3MB; www.google.com=1.3MB; r5---sn-jxopj-n5oe.gvt1.com=0.5MB; www.gstatic.com=0.3MB; i.ytimg.com=0.2MB,"youtube_1.5Mbps_50ms_pfifo_trial10.youtube.pcap: 19043 pkts, 19.4 MB, 7 attributed IP(s), sha fe30ce8399fed4e3",VM:/home/student/sthanav-agentic-thin-waist/experiments/pramana/results/pramana_runs/youtube_1.5mbps_50ms_0pct_pfifo_cubic_solo_t10_1b64872a7a/capture.pcap | archive:/home/student/pramana-data/pcaps
youtube_10Mbps_50ms_pfifo_trial10,capture.pcap,30647548,fc00916c2efff9d94c9b35c64e81d88e85e9212ab92d09db8129f6843f3f4278,www.youtube.com=4.3MB; www.google.com=1.2MB; r5---sn-jxopj-n5oe.gvt1.com=0.5MB; i.ytimg.com=0.3MB; www.gstatic.com=0.2MB; fonts.gstatic.com=0.2MB,"youtube_10Mbps_50ms_pfifo_trial10.youtube.pcap: 23688 pkts, 27.7 MB, 8 attributed IP(s), sha 0bb549749bd82360",VM:/home/student/sthanav-agentic-thin-waist/experiments/pramana/results/pramana_runs/youtube_10mbps_50ms_0pct_pfifo_cubic_solo_t10_2132666cd2/capture.pcap | archive:/home/student/pramana-data/pcaps
youtube_1Mbps_50ms_pfifo_trial10,capture.pcap,17576184,4229caab13e734d679af827397c6a53cc13f1c9866c6e3f9e89ec9f1a7c782b8,rr2---sn-jxopj-n5oe.googlevideo.com=9.8MB; www.youtube.com=4.3MB; rr2---sn-a5m7lnld.googlevideo.com=0.9MB; r5---sn-jxopj-n5oe.gvt1.com=0.5MB; www.gstatic.com=0.2MB; i.ytimg.com=0.2MB,"youtube_1Mbps_50ms_pfifo_trial10.youtube.pcap: 16612 pkts, 15.8 MB, 10 attributed IP(s), sha 1de25038cee64f2f",VM:/home/student/sthanav-agentic-thin-waist/experiments/pramana/results/pramana_runs/youtube_1mbps_50ms_0pct_pfifo_cubic_solo_t10_897eb07231/capture.pcap | archive:/home/student/pramana-data/pcaps
youtube_3Mbps_50ms_pfifo_trial10,capture.pcap,32302320,502a7c6724239dbfb3fea74d97142f043fa14efb200eca897ce9ab27524f4dba,rr2---sn-jxopj-n5oe.googlevideo.com=20.9MB; www.youtube.com=4.3MB; www.google.com=1.3MB; r5---sn-jxopj-n5oe.gvt1.com=0.5MB; i.ytimg.com=0.3MB; www.gstatic.com=0.2MB,"youtube_3Mbps_50ms_pfifo_trial10.youtube.pcap: 23891 pkts, 26.1 MB, 7 attributed IP(s), sha fa2acf51444d499c",VM:/home/student/sthanav-agentic-thin-waist/experiments/pramana/results/pramana_runs/youtube_3mbps_50ms_0pct_pfifo_cubic_solo_t10_5e6a4d8b1d/capture.pcap | archive:/home/student/pramana-data/pcaps
youtube_3Mbps_50ms_pfifo_trial21,capture.pcap,22440148,d443d06eececf65b2c9e69d0053ed0957bbc1b86435f2e7d94406760d1c2b622,rr2---sn-jxopj-n5oe.googlevideo.com=14.3MB; www.youtube.com=4.3MB; www.google.com=1.2MB; r5---sn-jxopj-n5oe.gvt1.com=0.5MB; i.ytimg.com=0.3MB; www.gstatic.com=0.3MB,"youtube_3Mbps_50ms_pfifo_trial21.youtube.pcap: 18104 pkts, 19.5 MB, 9 attributed IP(s), sha 6ec4bb1edee19db8",VM:/home/student/sthanav-agentic-thin-waist/experiments/pramana/results/pramana_runs/youtube_3mbps_50ms_0pct_pfifo_cubic_solo_t21_vcapyoutube1280x720_c60f0d62f9/capture.pcap | archive:/home/student/pramana-data/pcaps
youtube_3Mbps_50ms_pfifo_trial22,capture.pcap,22467008,f943a98879a7b2a2bc2d787046207c0f83ecf514c5103e695d5b81e239fd1096,rr2---sn-jxopj-n5oe.googlevideo.com=14.3MB; www.youtube.com=4.3MB; www.google.com=1.3MB; r5---sn-jxopj-n5oe.gvt1.com=0.5MB; i.ytimg.com=0.3MB; www.gstatic.com=0.3MB,"youtube_3Mbps_50ms_pfifo_trial22.youtube.pcap: 17912 pkts, 19.5 MB, 9 attributed IP(s), sha 86042e30c5d1de9f",VM:/home/student/sthanav-agentic-thin-waist/experiments/pramana/results/pramana_runs/youtube_3mbps_50ms_0pct_pfifo_cubic_solo_t22_vcapyoutube1280x720_3b17e3d243/capture.pcap | archive:/home/student/pramana-data/pcaps
youtube_3Mbps_50ms_pfifo_trial23,capture.pcap,22316704,1345282afde2822b791fec0791fdba103b5f355d42000ecf423a556ec7b2e386,rr2---sn-jxopj-n5oe.googlevideo.com=14.3MB; www.youtube.com=4.3MB; www.google.com=1.3MB; r5---sn-jxopj-n5oe.gvt1.com=0.5MB; i.ytimg.com=0.3MB; www.gstatic.com=0.2MB,"youtube_3Mbps_50ms_pfifo_trial23.youtube.pcap: 17876 pkts, 19.5 MB, 10 attributed IP(s), sha 74a305a77f733b7f",VM:/home/student/sthanav-agentic-thin-waist/experiments/pramana/results/pramana_runs/youtube_3mbps_50ms_0pct_pfifo_cubic_solo_t23_vcapyoutube1280x720_8ca09f6cb6/capture.pcap | archive:/home/student/pramana-data/pcaps
youtube_3Mbps_50ms_pfifo_trial24,capture.pcap,22174940,ef4bd59de34e6521f4cafa7acd5571a04d2adb8600ffb122c2c043f8fba5e585,rr2---sn-jxopj-n5oe.googlevideo.com=14.3MB; www.youtube.com=4.3MB; www.google.com=1.2MB; r5---sn-jxopj-n5oe.gvt1.com=0.5MB; www.gstatic.com=0.2MB; dns.google=0.2MB,"youtube_3Mbps_50ms_pfifo_trial24.youtube.pcap: 17773 pkts, 19.3 MB, 10 attributed IP(s), sha 6f49eae2a7d1d97c",VM:/home/student/sthanav-agentic-thin-waist/experiments/pramana/results/pramana_runs/youtube_3mbps_50ms_0pct_pfifo_cubic_solo_t24_vcapyoutube1280x720_3926a2bf00/capture.pcap | archive:/home/student/pramana-data/pcaps
youtube_3Mbps_50ms_pfifo_trial25,capture.pcap,22510812,4e2a448664d55e1145bef5f513ed459dfe744ecc254d4c59a74b50b73b4d9488,rr2---sn-jxopj-n5oe.googlevideo.com=14.3MB; www.youtube.com=4.3MB; www.google.com=1.2MB; r5---sn-jxopj-n5oe.gvt1.com=0.5MB; i.ytimg.com=0.3MB; www.gstatic.com=0.3MB,"youtube_3Mbps_50ms_pfifo_trial25.youtube.pcap: 18163 pkts, 19.5 MB, 9 attributed IP(s), sha 1ed42c7252ce2db0",VM:/home/student/sthanav-agentic-thin-waist/experiments/pramana/results/pramana_runs/youtube_3mbps_50ms_0pct_pfifo_cubic_solo_t25_vcapyoutube1280x720_334c520141/capture.pcap | archive:/home/student/pramana-data/pcaps
youtube_6Mbps_50ms_pfifo_trial10,capture.pcap,31523624,fce20f29015caa751d666596af4a7a9f4ba06dd5b2b46007f82c319a46d8c975,rr2---sn-jxopj-n5oe.googlevideo.com=19.4MB; www.youtube.com=4.3MB; rr4---sn-a5meknzr.c.youtube.com=3.9MB; www.google.com=1.3MB; r5---sn-jxopj-n5oe.gvt1.com=0.5MB; i.ytimg.com=0.3MB,"youtube_6Mbps_50ms_pfifo_trial10.youtube.pcap: 24741 pkts, 28.4 MB, 9 attributed IP(s), sha baf306451824c4cb",VM:/home/student/sthanav-agentic-thin-waist/experiments/pramana/results/pramana_runs/youtube_6mbps_50ms_0pct_pfifo_cubic_solo_t10_363c9d7db1/capture.pcap | archive:/home/student/pramana-data/pcaps
